INT_id,INT_mapId,INT_cost,INT_step,INT_type,INT_value,INT_cnt,,
1,1,750,1,2,3,1,,
1,1,750,2,2,2,1,,
1,1,750,3,2,1,1,,
1,1,750,4,3,5,1,,
1,1,750,5,2,1,1,,
1,1,750,6,2,3,1,,
1,1,750,7,2,2,1,,2
1,1,750,8,1,62,1,,
1,1,750,9,2,3,1,,
1,1,750,10,2,2,1,,
1,1,750,11,2,1,1,,
1,1,750,12,3,3,1,,
1,1,750,13,1,62,1,,
1,1,750,14,2,3,1,,
1,1,750,15,2,3,1,,
1,1,750,16,2,1,1,,
1,1,750,17,2,3,1,,
1,1,750,18,1,347,1,,
1,1,750,19,3,3,1,,
1,1,750,20,2,3,1,,
1,1,750,21,2,1,1,,
1,1,750,22,2,3,1,,
1,1,750,23,1,62,1,,
1,1,750,24,2,2,1,,
1,1,750,25,0,63,1,,
1,2,750,1,2,3,1,,
1,2,750,2,2,2,1,,
1,2,750,3,2,1,1,,
1,2,750,4,3,5,1,,
1,2,750,5,1,62,1,,
1,2,750,6,2,2,1,,
1,2,750,7,3,2,1,,
1,2,750,8,2,3,1,,
1,2,750,9,2,3,1,,
1,2,750,10,2,1,1,,
1,2,750,11,1,347,1,,
1,2,750,12,2,2,1,,
1,2,750,13,2,3,1,,
1,2,750,14,1,62,1,,
1,2,750,15,3,3,1,,
1,2,750,16,2,2,1,,
1,2,750,17,2,1,1,,
1,2,750,18,2,3,1,,
1,2,750,19,3,3,1,,
1,2,750,20,2,3,1,,
1,2,750,21,1,62,1,,
1,2,750,22,2,2,1,,
1,2,750,23,2,1,1,,
1,2,750,24,2,3,1,,
1,2,750,25,0,63,1,,
1,3,750,1,2,3,1,,
1,3,750,2,2,2,1,,
1,3,750,3,2,1,1,,
1,3,750,4,3,3,1,,
1,3,750,5,1,62,1,,
1,3,750,6,2,3,1,,
1,3,750,7,2,3,1,,
1,3,750,8,2,2,1,,
1,3,750,9,1,62,1,,
1,3,750,10,2,3,1,,
1,3,750,11,2,1,1,,
1,3,750,12,3,3,1,,
1,3,750,13,2,3,1,,
1,3,750,14,2,2,1,,
1,3,750,15,2,1,1,,
1,3,750,16,1,347,1,,
1,3,750,17,3,2,1,,
1,3,750,18,1,62,1,,
1,3,750,19,2,3,1,,
1,3,750,20,2,1,1,,
1,3,750,21,2,2,1,,
1,3,750,22,3,3,1,,
1,3,750,23,1,62,1,,
1,3,750,24,2,1,1,,
1,3,750,25,0,63,1,,
1,4,750,1,2,3,1,,
1,4,750,2,2,2,1,,
1,4,750,3,2,1,1,,
1,4,750,4,3,3,1,,
1,4,750,5,1,62,1,,
1,4,750,6,2,2,1,,
1,4,750,7,2,3,1,,
1,4,750,8,3,2,1,,
1,4,750,9,2,3,1,,
1,4,750,10,2,1,1,,
1,4,750,11,1,347,1,,
1,4,750,12,3,2,1,,
1,4,750,13,2,1,1,,
1,4,750,14,1,63,1,,
1,4,750,15,3,3,1,,
1,4,750,16,2,2,1,,
1,4,750,17,2,1,1,,
1,4,750,18,2,3,1,,
1,4,750,19,2,2,1,,
1,4,750,20,2,1,1,,
1,4,750,21,3,2,1,,
1,4,750,22,2,3,1,,
1,4,750,23,2,1,1,,
1,4,750,24,2,3,1,,
1,4,750,25,0,63,1,,
2,1,250,1,2,2,2,,
2,1,250,2,2,2,2,,
2,1,250,3,2,1,2,,
2,1,250,4,3,5,2,,
2,1,250,5,2,3,2,,
2,1,250,6,2,2,2,,
2,1,250,7,2,2,2,,
2,1,250,8,1,61,1,,
2,1,250,9,2,2,2,,
2,1,250,10,2,2,2,,
2,1,250,11,2,1,2,,
2,1,250,12,3,3,2,,
2,1,250,13,1,61,1,,
2,1,250,14,2,3,2,,
2,1,250,15,2,2,2,,
2,1,250,16,2,1,2,,
2,1,250,17,2,2,2,,
2,1,250,18,1,61,1,,
2,1,250,19,3,3,2,,
2,1,250,20,2,2,2,,
2,1,250,21,2,1,2,,
2,1,250,22,2,3,2,,
2,1,250,23,1,61,1,,
2,1,250,24,2,2,2,,
2,1,250,25,0,454,1,,
2,2,250,1,2,3,2,,
2,2,250,2,2,2,2,,
2,2,250,3,2,1,2,,
2,2,250,4,3,5,2,,
2,2,250,5,1,61,1,,
2,2,250,6,2,2,2,,
2,2,250,7,3,2,2,,
2,2,250,8,2,2,2,,
2,2,250,9,2,2,2,,
2,2,250,10,2,1,2,,
2,2,250,11,1,61,1,,
2,2,250,12,2,2,2,,
2,2,250,13,2,3,2,,
2,2,250,14,1,61,1,,
2,2,250,15,3,3,2,,
2,2,250,16,2,2,2,,
2,2,250,17,2,1,2,,
2,2,250,18,2,3,2,,
2,2,250,19,3,3,2,,
2,2,250,20,2,2,2,,
2,2,250,21,1,61,1,,
2,2,250,22,2,2,2,,
2,2,250,23,2,1,2,,
2,2,250,24,2,3,2,,
2,2,250,25,0,454,1,,
2,3,250,1,2,3,2,,
2,3,250,2,2,2,2,,
2,3,250,3,2,1,2,,
2,3,250,4,3,3,2,,
2,3,250,5,1,61,1,,
2,3,250,6,2,3,2,,
2,3,250,7,2,2,2,,
2,3,250,8,2,2,2,,
2,3,250,9,1,61,1,,
2,3,250,10,2,2,2,,
2,3,250,11,2,1,2,,
2,3,250,12,3,3,2,,
2,3,250,13,2,3,2,,
2,3,250,14,2,2,2,,
2,3,250,15,2,1,2,,
2,3,250,16,1,61,1,,
2,3,250,17,3,2,2,,
2,3,250,18,1,61,1,,
2,3,250,19,2,2,2,,
2,3,250,20,2,1,2,,
2,3,250,21,2,2,2,,
2,3,250,22,3,3,2,,
2,3,250,23,1,61,1,,
2,3,250,24,2,1,2,,
2,3,250,25,0,454,1,,
2,4,250,1,2,3,2,,
2,4,250,2,2,2,2,,
2,4,250,3,2,1,2,,
2,4,250,4,3,3,2,,
2,4,250,5,1,61,1,,
2,4,250,6,2,2,2,,
2,4,250,7,2,3,2,,
2,4,250,8,3,2,2,,
2,4,250,9,2,2,2,,
2,4,250,10,2,2,2,,
2,4,250,11,1,61,1,,
2,4,250,12,3,2,2,,
2,4,250,13,2,1,2,,
2,4,250,14,1,61,1,,
2,4,250,15,3,3,2,,
2,4,250,16,2,2,2,,
2,4,250,17,2,1,2,,
2,4,250,18,2,3,2,,
2,4,250,19,1,61,1,,
2,4,250,20,2,2,2,,
2,4,250,21,3,2,2,,
2,4,250,22,2,2,2,,
2,4,250,23,2,1,2,,
2,4,250,24,2,3,2,,
2,4,250,25,0,454,1,,
3,1,1200,1,2,3,3,,
3,1,1200,2,1,325,3,,
3,1,1200,3,2,1,3,,
3,1,1200,4,3,5,1,,
3,1,1200,5,1,331,1,,
3,1,1200,6,2,2,3,,
3,1,1200,7,3,2,1,,
3,1,1200,8,2,2,3,,
3,1,1200,9,1,325,3,,
3,1,1200,10,2,1,3,,
3,1,1200,11,1,410,1,,
3,1,1200,12,2,2,3,,
3,1,1200,13,2,3,3,,
3,1,1200,14,1,325,3,,
3,1,1200,15,3,3,1,,
3,1,1200,16,2,2,3,,
3,1,1200,17,2,1,3,,
3,1,1200,18,2,3,3,,
3,1,1200,19,3,3,1,,
3,1,1200,20,2,2,3,,
3,1,1200,21,1,331,2,,
3,1,1200,22,2,2,3,,
3,1,1200,23,2,1,3,,
3,1,1200,24,2,3,3,,
3,1,1200,25,0,413,1,,
3,2,1200,1,1,325,3,,
3,2,1200,2,2,2,3,,
3,2,1200,3,2,1,3,,
3,2,1200,4,3,3,1,,
3,2,1200,5,1,331,1,,
3,2,1200,6,2,3,3,,
3,2,1200,7,1,325,3,,
3,2,1200,8,2,2,3,,
3,2,1200,9,1,413,1,,
3,2,1200,10,2,2,3,,
3,2,1200,11,2,1,3,,
3,2,1200,12,3,3,1,,
3,2,1200,13,2,3,3,,
3,2,1200,14,2,2,3,,
3,2,1200,15,2,1,3,,
3,2,1200,16,1,325,3,,
3,2,1200,17,3,2,1,,
3,2,1200,18,1,331,2,,
3,2,1200,19,2,2,3,,
3,2,1200,20,2,1,3,,
3,2,1200,21,2,2,3,,
3,2,1200,22,3,3,1,,
3,2,1200,23,2,2,3,,
3,2,1200,24,2,1,3,,
3,2,1200,25,0,412,1,,
3,3,1200,1,1,325,3,,
3,3,1200,2,2,2,3,,
3,3,1200,3,2,1,3,,
3,3,1200,4,3,3,1,,
3,3,1200,5,1,331,1,,
3,3,1200,6,2,2,3,,
3,3,1200,7,1,325,3,,
3,3,1200,8,3,2,1,,
3,3,1200,9,2,2,3,,
3,3,1200,10,2,2,3,,
3,3,1200,11,1,412,1,,
3,3,1200,12,3,2,1,,
3,3,1200,13,2,1,3,,
3,3,1200,14,1,325,3,,
3,3,1200,15,3,3,1,,
3,3,1200,16,2,2,3,,
3,3,1200,17,2,1,3,,
3,3,1200,18,2,3,3,,
3,3,1200,19,1,331,2,,
3,3,1200,20,2,2,3,,
3,3,1200,21,3,2,1,,
3,3,1200,22,2,2,3,,
3,3,1200,23,2,1,3,,
3,3,1200,24,2,3,3,,
3,3,1200,25,0,410,1,,
4,1,1200,1,2,3,4,,
4,1,1200,2,1,327,4,,
4,1,1200,3,2,1,4,,
4,1,1200,4,3,5,1,,
4,1,1200,5,1,331,1,,
4,1,1200,6,2,2,4,,
4,1,1200,7,3,2,1,,
4,1,1200,8,2,2,4,,
4,1,1200,9,1,327,4,,
4,1,1200,10,2,1,4,,
4,1,1200,11,1,412,1,,
4,1,1200,12,2,2,4,,
4,1,1200,13,2,3,4,,
4,1,1200,14,1,327,4,,
4,1,1200,15,3,3,1,,
4,1,1200,16,2,2,4,,
4,1,1200,17,2,1,4,,
4,1,1200,18,2,3,4,,
4,1,1200,19,3,3,1,,
4,1,1200,20,2,2,4,,
4,1,1200,21,1,331,2,,
4,1,1200,22,2,2,4,,
4,1,1200,23,2,1,4,,
4,1,1200,24,2,3,4,,
4,1,1200,25,0,414,1,,
4,2,1200,1,1,327,4,,
4,2,1200,2,2,2,4,,
4,2,1200,3,2,1,4,,
4,2,1200,4,3,3,1,,
4,2,1200,5,1,331,1,,
4,2,1200,6,2,3,4,,
4,2,1200,7,1,327,4,,
4,2,1200,8,2,2,4,,
4,2,1200,9,1,414,1,,
4,2,1200,10,2,2,4,,
4,2,1200,11,2,1,4,,
4,2,1200,12,3,3,1,,
4,2,1200,13,2,3,4,,
4,2,1200,14,2,2,4,,
4,2,1200,15,2,1,4,,
4,2,1200,16,1,327,4,,
4,2,1200,17,3,2,1,,
4,2,1200,18,1,331,2,,
4,2,1200,19,2,2,4,,
4,2,1200,20,2,1,4,,
4,2,1200,21,2,2,4,,
4,2,1200,22,3,3,1,,
4,2,1200,23,2,2,4,,
4,2,1200,24,2,1,4,,
4,2,1200,25,0,412,1,,
4,3,1200,1,1,327,4,,
4,3,1200,2,2,2,4,,
4,3,1200,3,2,1,4,,
4,3,1200,4,3,3,1,,
4,3,1200,5,1,331,1,,
4,3,1200,6,2,2,4,,
4,3,1200,7,1,327,4,,
4,3,1200,8,3,2,1,,
4,3,1200,9,2,2,4,,
4,3,1200,10,2,2,4,,
4,3,1200,11,1,412,1,,
4,3,1200,12,3,2,1,,
4,3,1200,13,2,1,4,,
4,3,1200,14,1,327,4,,
4,3,1200,15,3,3,1,,
4,3,1200,16,2,2,4,,
4,3,1200,17,2,1,4,,
4,3,1200,18,2,3,4,,
4,3,1200,19,1,331,2,,
4,3,1200,20,2,2,4,,
4,3,1200,21,3,2,1,,
4,3,1200,22,2,2,4,,
4,3,1200,23,2,1,4,,
4,3,1200,24,2,3,4,,
4,3,1200,25,0,412,1,,
5,1,400,1,2,3,5,,
5,1,400,2,1,453,2,,
5,1,400,3,2,1,5,,
5,1,400,4,3,5,5,,
5,1,400,5,1,61,2,,
5,1,400,6,2,2,5,,
5,1,400,7,3,2,5,,
5,1,400,8,2,2,5,,
5,1,400,9,1,60,4,,
5,1,400,10,2,1,5,,
5,1,400,11,1,61,2,,
5,1,400,12,2,2,5,,
5,1,400,13,2,3,5,,
5,1,400,14,3,3,5,,
5,1,400,15,1,61,2,,
5,1,400,16,2,2,5,,
5,1,400,17,1,60,4,,
5,1,400,18,2,3,5,,
5,1,400,19,3,2,5,,
5,1,400,20,2,2,5,,
5,1,400,21,1,453,2,,
5,1,400,22,1,61,2,,
5,1,400,23,3,2,5,,
5,1,400,24,2,3,5,,
5,1,400,25,0,527,1,,
5,2,400,1,1,60,4,,
5,2,400,2,1,61,2,,
5,2,400,3,2,1,5,,
5,2,400,4,3,3,5,,
5,2,400,5,1,453,2,,
5,2,400,6,2,3,5,,
5,2,400,7,1,60,4,,
5,2,400,8,2,2,5,,
5,2,400,9,1,61,2,,
5,2,400,10,2,2,5,,
5,2,400,11,1,453,2,,
5,2,400,12,3,3,5,,
5,2,400,13,2,3,5,,
5,2,400,14,2,2,5,,
5,2,400,15,2,2,5,,
5,2,400,16,1,60,4,,
5,2,400,17,3,2,5,,
5,2,400,18,1,453,2,,
5,2,400,19,1,61,2,,
5,2,400,20,2,1,5,,
5,2,400,21,2,2,5,,
5,2,400,22,3,3,5,,
5,2,400,23,2,2,5,,
5,2,400,24,2,3,5,,
5,2,400,25,0,527,1,,
5,3,400,1,1,60,4,,
5,3,400,2,2,2,5,,
5,3,400,3,2,1,5,,
5,3,400,4,3,3,5,,
5,3,400,5,1,453,2,,
5,3,400,6,1,61,2,,
5,3,400,7,1,60,4,,
5,3,400,8,3,2,5,,
5,3,400,9,2,2,5,,
5,3,400,10,2,2,5,,
5,3,400,11,1,61,2,,
5,3,400,12,3,2,5,,
5,3,400,13,2,1,5,,
5,3,400,14,1,453,2,,
5,3,400,15,3,3,5,,
5,3,400,16,2,2,5,,
5,3,400,17,1,60,4,,
5,3,400,18,2,3,5,,
5,3,400,19,1,453,2,,
5,3,400,20,1,61,2,,
5,3,400,21,3,2,5,,
5,3,400,22,2,2,5,,
5,3,400,23,1,60,4,,
5,3,400,24,2,3,5,,
5,3,400,25,0,527,1,,
6,1,400,1,2,3,5,,
6,1,400,2,1,453,2,,
6,1,400,3,2,1,5,,
6,1,400,4,3,5,5,,
6,1,400,5,1,61,2,,
6,1,400,6,2,2,5,,
6,1,400,7,3,2,5,,
6,1,400,8,2,2,5,,
6,1,400,9,1,60,4,,
6,1,400,10,2,1,5,,
6,1,400,11,1,61,2,,
6,1,400,12,2,2,5,,
6,1,400,13,2,3,5,,
6,1,400,14,3,3,5,,
6,1,400,15,1,61,2,,
6,1,400,16,2,2,5,,
6,1,400,17,1,60,4,,
6,1,400,18,2,3,5,,
6,1,400,19,3,2,5,,
6,1,400,20,2,2,5,,
6,1,400,21,1,453,2,,
6,1,400,22,1,61,2,,
6,1,400,23,3,2,5,,
6,1,400,24,2,3,5,,
6,1,400,25,0,425,1,,
6,2,400,1,1,60,4,,
6,2,400,2,1,61,2,,
6,2,400,3,2,1,5,,
6,2,400,4,3,3,5,,
6,2,400,5,1,453,2,,
6,2,400,6,2,3,5,,
6,2,400,7,1,60,4,,
6,2,400,8,2,2,5,,
6,2,400,9,1,61,2,,
6,2,400,10,2,2,5,,
6,2,400,11,1,453,2,,
6,2,400,12,3,3,5,,
6,2,400,13,2,3,5,,
6,2,400,14,2,2,5,,
6,2,400,15,2,2,5,,
6,2,400,16,1,60,4,,
6,2,400,17,3,2,5,,
6,2,400,18,1,453,2,,
6,2,400,19,1,61,2,,
6,2,400,20,2,1,5,,
6,2,400,21,2,2,5,,
6,2,400,22,3,3,5,,
6,2,400,23,2,2,5,,
6,2,400,24,2,3,5,,
6,2,400,25,0,425,1,,
6,3,400,1,1,60,4,,
6,3,400,2,2,2,5,,
6,3,400,3,2,1,5,,
6,3,400,4,3,3,5,,
6,3,400,5,1,453,2,,
6,3,400,6,1,61,2,,
6,3,400,7,1,60,4,,
6,3,400,8,3,2,5,,
6,3,400,9,2,2,5,,
6,3,400,10,2,2,5,,
6,3,400,11,1,61,2,,
6,3,400,12,3,2,5,,
6,3,400,13,2,1,5,,
6,3,400,14,1,453,2,,
6,3,400,15,3,3,5,,
6,3,400,16,2,2,5,,
6,3,400,17,1,60,4,,
6,3,400,18,2,3,5,,
6,3,400,19,1,453,2,,
6,3,400,20,1,61,2,,
6,3,400,21,3,2,5,,
6,3,400,22,2,2,5,,
6,3,400,23,1,60,4,,
6,3,400,24,2,3,5,,
6,3,400,25,0,425,1,,
8,1,400,1,2,3,5,,
8,1,400,2,1,453,2,,
8,1,400,3,2,1,5,,
8,1,400,4,3,5,5,,
8,1,400,5,1,61,2,,
8,1,400,6,2,2,5,,
8,1,400,7,3,2,5,,
8,1,400,8,2,2,5,,
8,1,400,9,1,60,4,,
8,1,400,10,2,1,5,,
8,1,400,11,1,61,2,,
8,1,400,12,2,2,5,,
8,1,400,13,2,3,5,,
8,1,400,14,3,3,5,,
8,1,400,15,1,61,2,,
8,1,400,16,2,2,5,,
8,1,400,17,1,60,4,,
8,1,400,18,2,3,5,,
8,1,400,19,3,2,5,,
8,1,400,20,2,2,5,,
8,1,400,21,1,453,2,,
8,1,400,22,1,61,2,,
8,1,400,23,3,2,5,,
8,1,400,24,2,3,5,,
8,1,400,25,0,62,1,,
8,2,400,1,1,60,4,,
8,2,400,2,1,61,2,,
8,2,400,3,2,1,5,,
8,2,400,4,3,3,5,,
8,2,400,5,1,453,2,,
8,2,400,6,2,3,5,,
8,2,400,7,1,60,4,,
8,2,400,8,2,2,5,,
8,2,400,9,1,61,2,,
8,2,400,10,2,2,5,,
8,2,400,11,1,453,2,,
8,2,400,12,3,3,5,,
8,2,400,13,2,3,5,,
8,2,400,14,2,2,5,,
8,2,400,15,2,2,5,,
8,2,400,16,1,60,4,,
8,2,400,17,3,2,5,,
8,2,400,18,1,453,2,,
8,2,400,19,1,61,2,,
8,2,400,20,2,1,5,,
8,2,400,21,2,2,5,,
8,2,400,22,3,3,5,,
8,2,400,23,2,2,5,,
8,2,400,24,2,3,5,,
8,2,400,25,0,62,1,,
8,3,400,1,1,60,4,,
8,3,400,2,2,2,5,,
8,3,400,3,2,1,5,,
8,3,400,4,3,3,5,,
8,3,400,5,1,453,2,,
8,3,400,6,1,61,2,,
8,3,400,7,1,60,4,,
8,3,400,8,3,2,5,,
8,3,400,9,2,2,5,,
8,3,400,10,2,2,5,,
8,3,400,11,1,61,2,,
8,3,400,12,3,2,5,,
8,3,400,13,2,1,5,,
8,3,400,14,1,453,2,,
8,3,400,15,3,3,5,,
8,3,400,16,2,2,5,,
8,3,400,17,1,60,4,,
8,3,400,18,2,3,5,,
8,3,400,19,1,453,2,,
8,3,400,20,1,61,2,,
8,3,400,21,3,2,5,,
8,3,400,22,2,2,5,,
8,3,400,23,1,60,4,,
8,3,400,24,2,3,5,,
8,3,400,25,0,62,1,,
9,1,400,1,2,3,5,,
9,1,400,2,1,453,2,,
9,1,400,3,2,1,5,,
9,1,400,4,3,5,5,,
9,1,400,5,1,61,2,,
9,1,400,6,2,2,5,,
9,1,400,7,3,2,5,,
9,1,400,8,2,2,5,,
9,1,400,9,1,60,4,,
9,1,400,10,2,1,5,,
9,1,400,11,1,61,2,,
9,1,400,12,2,2,5,,
9,1,400,13,2,3,5,,
9,1,400,14,3,3,5,,
9,1,400,15,1,61,2,,
9,1,400,16,2,2,5,,
9,1,400,17,1,60,4,,
9,1,400,18,2,3,5,,
9,1,400,19,3,2,5,,
9,1,400,20,2,2,5,,
9,1,400,21,1,453,2,,
9,1,400,22,1,61,2,,
9,1,400,23,3,2,5,,
9,1,400,24,2,3,5,,
9,1,400,25,0,62,1,,
9,2,400,1,1,60,4,,
9,2,400,2,1,61,2,,
9,2,400,3,2,1,5,,
9,2,400,4,3,3,5,,
9,2,400,5,1,453,2,,
9,2,400,6,2,3,5,,
9,2,400,7,1,60,4,,
9,2,400,8,2,2,5,,
9,2,400,9,1,61,2,,
9,2,400,10,2,2,5,,
9,2,400,11,1,453,2,,
9,2,400,12,3,3,5,,
9,2,400,13,2,3,5,,
9,2,400,14,2,2,5,,
9,2,400,15,2,2,5,,
9,2,400,16,1,60,4,,
9,2,400,17,3,2,5,,
9,2,400,18,1,453,2,,
9,2,400,19,1,61,2,,
9,2,400,20,2,1,5,,
9,2,400,21,2,2,5,,
9,2,400,22,3,3,5,,
9,2,400,23,2,2,5,,
9,2,400,24,2,3,5,,
9,2,400,25,0,62,1,,
9,3,400,1,1,60,4,,
9,3,400,2,2,2,5,,
9,3,400,3,2,1,5,,
9,3,400,4,3,3,5,,
9,3,400,5,1,453,2,,
9,3,400,6,1,61,2,,
9,3,400,7,1,60,4,,
9,3,400,8,3,2,5,,
9,3,400,9,2,2,5,,
9,3,400,10,2,2,5,,
9,3,400,11,1,61,2,,
9,3,400,12,3,2,5,,
9,3,400,13,2,1,5,,
9,3,400,14,1,453,2,,
9,3,400,15,3,3,5,,
9,3,400,16,2,2,5,,
9,3,400,17,1,60,4,,
9,3,400,18,2,3,5,,
9,3,400,19,1,453,2,,
9,3,400,20,1,61,2,,
9,3,400,21,3,2,5,,
9,3,400,22,2,2,5,,
9,3,400,23,1,60,4,,
9,3,400,24,2,3,5,,
9,3,400,25,0,62,1,,
10,1,400,1,2,3,5,,
10,1,400,2,1,453,2,,
10,1,400,3,2,1,5,,
10,1,400,4,3,5,5,,
10,1,400,5,1,61,2,,
10,1,400,6,2,2,5,,
10,1,400,7,3,2,5,,
10,1,400,8,2,2,5,,
10,1,400,9,1,60,4,,
10,1,400,10,2,1,5,,
10,1,400,11,1,61,2,,
10,1,400,12,2,2,5,,
10,1,400,13,2,3,5,,
10,1,400,14,3,3,5,,
10,1,400,15,1,61,2,,
10,1,400,16,2,2,5,,
10,1,400,17,1,60,4,,
10,1,400,18,2,3,5,,
10,1,400,19,3,2,5,,
10,1,400,20,2,2,5,,
10,1,400,21,1,453,2,,
10,1,400,22,1,61,2,,
10,1,400,23,3,2,5,,
10,1,400,24,2,3,5,,
10,1,400,25,0,62,1,,
10,2,400,1,1,60,4,,
10,2,400,2,1,61,2,,
10,2,400,3,2,1,5,,
10,2,400,4,3,3,5,,
10,2,400,5,1,453,2,,
10,2,400,6,2,3,5,,
10,2,400,7,1,60,4,,
10,2,400,8,2,2,5,,
10,2,400,9,1,61,2,,
10,2,400,10,2,2,5,,
10,2,400,11,1,453,2,,
10,2,400,12,3,3,5,,
10,2,400,13,2,3,5,,
10,2,400,14,2,2,5,,
10,2,400,15,2,2,5,,
10,2,400,16,1,60,4,,
10,2,400,17,3,2,5,,
10,2,400,18,1,453,2,,
10,2,400,19,1,61,2,,
10,2,400,20,2,1,5,,
10,2,400,21,2,2,5,,
10,2,400,22,3,3,5,,
10,2,400,23,2,2,5,,
10,2,400,24,2,3,5,,
10,2,400,25,0,62,1,,
10,3,400,1,1,60,4,,
10,3,400,2,2,2,5,,
10,3,400,3,2,1,5,,
10,3,400,4,3,3,5,,
10,3,400,5,1,453,2,,
10,3,400,6,1,61,2,,
10,3,400,7,1,60,4,,
10,3,400,8,3,2,5,,
10,3,400,9,2,2,5,,
10,3,400,10,2,2,5,,
10,3,400,11,1,61,2,,
10,3,400,12,3,2,5,,
10,3,400,13,2,1,5,,
10,3,400,14,1,453,2,,
10,3,400,15,3,3,5,,
10,3,400,16,2,2,5,,
10,3,400,17,1,60,4,,
10,3,400,18,2,3,5,,
10,3,400,19,1,453,2,,
10,3,400,20,1,61,2,,
10,3,400,21,3,2,5,,
10,3,400,22,2,2,5,,
10,3,400,23,1,60,4,,
10,3,400,24,2,3,5,,
10,3,400,25,0,62,1,,
11,1,500,1,2,3,11,,
11,1,500,2,3,2,1,,
11,1,500,3,1,61,1,,
11,1,500,4,2,2,11,,
11,1,500,5,3,3,1,,
11,1,500,6,1,453,2,,
11,1,500,7,3,2,1,,
11,1,500,8,2,3,11,,
11,1,500,9,2,2,11,,
11,1,500,10,1,28,1,,
11,1,500,11,1,61,2,,
11,1,500,12,2,3,11,,
11,1,500,13,1,29,1,,
11,1,500,14,2,3,11,,
11,1,500,15,3,5,1,,
11,1,500,16,2,2,11,,
11,1,500,17,1,28,1,,
11,1,500,18,1,454,1,,
11,1,500,19,1,28,1,,
11,1,500,20,2,3,11,,
11,1,500,21,2,2,11,,
11,1,500,22,1,28,1,,
11,1,500,23,1,454,1,,
11,1,500,24,2,1,11,,
11,1,500,25,0,497,1,,
11,2,500,1,1,61,1,,
11,2,500,2,3,2,1,,
11,2,500,3,2,3,11,,
11,2,500,4,1,28,1,,
11,2,500,5,3,5,1,,
11,2,500,6,1,453,1,,
11,2,500,7,2,2,11,,
11,2,500,8,3,2,1,,
11,2,500,9,1,28,1,,
11,2,500,10,2,1,11,,
11,2,500,11,1,453,2,,
11,2,500,12,3,2,1,,
11,2,500,13,1,453,1,,
11,2,500,14,2,3,11,,
11,2,500,15,2,2,11,,
11,2,500,16,1,28,1,,
11,2,500,17,1,454,1,,
11,2,500,18,2,1,11,,
11,2,500,19,1,28,1,,
11,2,500,20,2,3,11,,
11,2,500,21,1,29,1,,
11,2,500,22,1,453,2,,
11,2,500,23,1,62,2,,
11,2,500,24,2,1,11,,
11,2,500,25,0,497,1,,
11,3,500,1,2,3,11,,
11,3,500,2,1,61,1,,
11,3,500,3,2,2,11,,
11,3,500,4,1,453,1,,
11,3,500,5,3,2,1,,
11,3,500,6,1,453,1,,
11,3,500,7,2,3,11,,
11,3,500,8,3,2,1,,
11,3,500,9,1,28,1,,
11,3,500,10,2,1,11,,
11,3,500,11,1,28,1,,
11,3,500,12,3,3,1,,
11,3,500,13,2,3,11,,
11,3,500,14,2,2,11,,
11,3,500,15,1,28,1,,
11,3,500,16,2,3,1,,
11,3,500,17,2,1,11,,
11,3,500,18,1,62,1,,
11,3,500,19,1,28,1,,
11,3,500,20,2,3,11,,
11,3,500,21,2,2,11,,
11,3,500,22,1,29,1,,
11,3,500,23,1,62,2,,
11,3,500,24,2,1,11,,
11,3,500,25,0,497,1,,
7,1,600,1,2,3,7,,
7,1,600,2,3,2,1,,
7,1,600,3,1,61,1,,
7,1,600,4,2,2,7,,
7,1,600,5,3,3,1,,
7,1,600,6,1,453,2,,
7,1,600,7,3,2,5,,
7,1,600,8,2,3,7,,
7,1,600,9,1,60,5,,
7,1,600,10,2,1,7,,
7,1,600,11,1,61,2,,
7,1,600,12,2,3,7,,
7,1,600,13,2,2,7,,
7,1,600,14,2,1,7,,
7,1,600,15,3,5,1,,
7,1,600,16,2,2,7,,
7,1,600,17,2,1,7,,
7,1,600,18,1,454,1,,
7,1,600,19,3,2,1,,
7,1,600,20,2,3,7,,
7,1,600,21,2,2,7,,
7,1,600,22,2,1,7,,
7,1,600,23,1,454,1,,
7,1,600,24,2,1,7,,
7,1,600,25,0,63,1,,
7,2,600,1,1,61,1,,
7,2,600,2,3,2,1,,
7,2,600,3,2,3,7,,
7,2,600,4,2,2,7,,
7,2,600,5,3,5,1,,
7,2,600,6,1,453,1,,
7,2,600,7,2,2,7,,
7,2,600,8,3,2,1,,
7,2,600,9,1,60,5,,
7,2,600,10,2,1,7,,
7,2,600,11,1,453,2,,
7,2,600,12,3,2,1,,
7,2,600,13,1,453,1,,
7,2,600,14,2,3,7,,
7,2,600,15,2,2,7,,
7,2,600,16,2,1,7,,
7,2,600,17,1,454,1,,
7,2,600,18,2,1,7,,
7,2,600,19,3,5,1,,
7,2,600,20,2,3,7,,
7,2,600,21,2,2,7,,
7,2,600,22,1,453,2,,
7,2,600,23,1,62,2,,
7,2,600,24,2,1,7,,
7,2,600,25,0,63,1,,
7,3,600,1,2,3,7,,
7,3,600,2,1,61,1,,
7,3,600,3,2,2,7,,
7,3,600,4,1,453,1,,
7,3,600,5,3,2,1,,
7,3,600,6,1,453,1,,
7,3,600,7,2,3,7,,
7,3,600,8,3,2,1,,
7,3,600,9,1,60,5,,
7,3,600,10,2,1,7,,
7,3,600,11,1,61,2,,
7,3,600,12,3,3,1,,
7,3,600,13,2,3,7,,
7,3,600,14,2,2,7,,
7,3,600,15,2,1,7,,
7,3,600,16,2,2,7,,
7,3,600,17,2,1,7,,
7,3,600,18,1,62,1,,
7,3,600,19,3,3,1,,
7,3,600,20,2,3,7,,
7,3,600,21,2,2,7,,
7,3,600,22,2,1,7,,
7,3,600,23,1,62,2,,
7,3,600,24,2,1,7,,
7,3,600,25,0,63,1,,
12,1,500,1,2,3,12,,
12,1,500,2,3,2,1,,
12,1,500,3,1,61,1,,
12,1,500,4,2,2,12,,
12,1,500,5,3,3,1,,
12,1,500,6,1,453,2,,
12,1,500,7,3,2,1,,
12,1,500,8,2,3,12,,
12,1,500,9,2,2,12,,
12,1,500,10,1,27,1,,
12,1,500,11,1,61,2,,
12,1,500,12,2,2,12,,
12,1,500,13,1,27,1,,
12,1,500,14,2,3,12,,
12,1,500,15,3,5,1,,
12,1,500,16,1,591,1,,
12,1,500,17,1,27,1,,
12,1,500,18,1,453,2,,
12,1,500,19,2,2,12,,
12,1,500,20,2,3,12,,
12,1,500,21,1,453,2,,
12,1,500,22,1,27,1,,
12,1,500,23,1,591,2,,
12,1,500,24,2,2,12,,
12,1,500,25,0,497,2,,
12,2,500,1,1,61,1,,
12,2,500,2,3,2,1,,
12,2,500,3,2,3,12,,
12,2,500,4,1,27,1,,
12,2,500,5,3,5,1,,
12,2,500,6,1,453,1,,
12,2,500,7,2,2,12,,
12,2,500,8,3,2,1,,
12,2,500,9,1,27,1,,
12,2,500,10,2,2,12,,
12,2,500,11,1,453,2,,
12,2,500,12,3,2,1,,
12,2,500,13,1,453,1,,
12,2,500,14,2,3,12,,
12,2,500,15,2,2,12,,
12,2,500,16,1,591,1,,
12,2,500,17,1,453,2,,
12,2,500,18,2,2,12,,
12,2,500,19,1,27,1,,
12,2,500,20,2,3,12,,
12,2,500,21,1,453,1,,
12,2,500,22,1,591,2,,
12,2,500,23,1,453,2,,
12,2,500,24,2,2,12,,
12,2,500,25,0,497,2,,
12,3,500,1,2,3,12,,
12,3,500,2,1,61,1,,
12,3,500,3,2,2,12,,
12,3,500,4,1,453,1,,
12,3,500,5,3,2,1,,
12,3,500,6,1,453,1,,
12,3,500,7,2,3,12,,
12,3,500,8,3,2,1,,
12,3,500,9,1,27,1,,
12,3,500,10,2,2,12,,
12,3,500,11,1,27,1,,
12,3,500,12,3,3,1,,
12,3,500,13,2,3,12,,
12,3,500,14,2,3,12,,
12,3,500,15,1,27,1,,
12,3,500,16,2,3,12,,
12,3,500,17,1,591,1,,
12,3,500,18,1,453,2,,
12,3,500,19,2,2,12,,
12,3,500,20,2,3,12,,
12,3,500,21,2,2,12,,
12,3,500,22,1,27,1,,
12,3,500,23,1,453,2,,
12,3,500,24,1,591,2,,
12,3,500,25,0,497,2,,
13,1,500,1,2,3,12,,
13,1,500,2,3,2,1,,
13,1,500,3,1,61,2,,
13,1,500,4,2,2,12,,
13,1,500,5,3,3,1,,
13,1,500,6,1,265,1,,
13,1,500,7,2,3,12,,
13,1,500,8,3,2,1,,
13,1,500,9,2,2,12,,
13,1,500,10,1,454,1,,
13,1,500,11,1,61,2,,
13,1,500,12,2,2,12,,
13,1,500,13,1,357,3,,
13,1,500,14,2,3,12,,
13,1,500,15,3,5,1,,
13,1,500,16,2,1,1,,
13,1,500,17,1,454,1,,
13,1,500,18,1,61,2,,
13,1,500,19,2,2,12,,
13,1,500,20,2,3,12,,
13,1,500,21,1,453,2,,
13,1,500,22,1,265,1,,
13,1,500,23,1,61,2,,
13,1,500,24,2,2,12,,
13,1,500,25,0,476,1,,
13,2,500,1,1,61,2,,
13,2,500,2,3,2,1,,
13,2,500,3,2,3,12,,
13,2,500,4,1,454,1,,
13,2,500,5,3,3,1,,
13,2,500,6,1,543,2,,
13,2,500,7,2,2,12,,
13,2,500,8,3,2,1,,
13,2,500,9,1,265,1,,
13,2,500,10,2,2,12,,
13,2,500,11,1,453,2,,
13,2,500,12,3,2,1,,
13,2,500,13,1,357,3,,
13,2,500,14,2,3,12,,
13,2,500,15,2,2,12,,
13,2,500,16,1,454,1,,
13,2,500,17,1,453,2,,
13,2,500,18,2,2,12,,
13,2,500,19,1,265,1,,
13,2,500,20,2,3,12,,
13,2,500,21,1,453,2,,
13,2,500,22,2,1,12,,
13,2,500,23,1,453,2,,
13,2,500,24,2,2,12,,
13,2,500,25,0,476,1,,
14,1,500,1,2,3,12,,
14,1,500,2,3,2,1,,
14,1,500,3,1,61,2,,
14,1,500,4,2,2,12,,
14,1,500,5,3,3,1,,
14,1,500,6,1,265,1,,
14,1,500,7,2,3,12,,
14,1,500,8,3,2,1,,
14,1,500,9,2,2,12,,
14,1,500,10,1,454,1,,
14,1,500,11,1,61,2,,
14,1,500,12,2,2,12,,
14,1,500,13,1,357,3,,
14,1,500,14,2,3,12,,
14,1,500,15,3,5,1,,
14,1,500,16,2,1,1,,
14,1,500,17,1,454,1,,
14,1,500,18,1,61,2,,
14,1,500,19,2,2,12,,
14,1,500,20,2,3,12,,
14,1,500,21,1,453,2,,
14,1,500,22,1,265,1,,
14,1,500,23,1,61,2,,
14,1,500,24,2,2,12,,
14,1,500,25,0,476,1,,
14,2,500,1,1,61,2,,
14,2,500,2,3,2,1,,
14,2,500,3,2,3,12,,
14,2,500,4,1,454,1,,
14,2,500,5,3,3,1,,
14,2,500,6,1,543,2,,
14,2,500,7,2,2,12,,
14,2,500,8,3,2,1,,
14,2,500,9,1,265,1,,
14,2,500,10,2,2,12,,
14,2,500,11,1,453,2,,
14,2,500,12,3,2,1,,
14,2,500,13,1,357,3,,
14,2,500,14,2,3,12,,
14,2,500,15,2,2,12,,
14,2,500,16,1,454,1,,
14,2,500,17,1,453,2,,
14,2,500,18,2,2,12,,
14,2,500,19,1,265,1,,
14,2,500,20,2,3,12,,
14,2,500,21,1,453,2,,
14,2,500,22,2,1,12,,
14,2,500,23,1,453,2,,
14,2,500,24,2,2,12,,
14,2,500,25,0,476,1,,
15,1,400,1,2,3,1,,
15,1,400,2,3,2,1,,
15,1,400,3,1,582,1,,
15,1,400,4,2,2,1,,
15,1,400,5,3,3,1,,
15,1,400,6,1,592,1,,
15,1,400,7,2,3,1,,
15,1,400,8,3,2,1,,
15,1,400,9,2,2,1,,
15,1,400,10,1,27,1,,
15,1,400,11,1,582,1,,
15,1,400,12,2,2,1,,
15,1,400,13,3,3,1,,
15,1,400,14,1,27,1,,
15,1,400,15,2,3,1,,
15,1,400,16,1,27,1,,
15,1,400,17,2,3,1,,
15,1,400,18,1,592,1,,
15,1,400,19,2,2,1,,
15,1,400,20,3,2,1,,
15,1,400,21,1,592,1,,
15,1,400,22,1,27,1,,
15,1,400,23,1,27,1,,
15,1,400,24,2,2,1,,
15,1,400,25,0,553,2,,
15,2,400,1,1,582,1,,
15,2,400,2,3,2,1,,
15,2,400,3,2,3,1,,
15,2,400,4,1,27,1,,
15,2,400,5,3,3,1,,
15,2,400,6,1,592,1,,
15,2,400,7,2,2,1,,
15,2,400,8,3,2,1,,
15,2,400,9,1,27,1,,
15,2,400,10,2,2,1,,
15,2,400,11,1,582,1,,
15,2,400,12,3,2,1,,
15,2,400,13,1,592,1,,
15,2,400,14,2,3,1,,
15,2,400,15,2,2,1,,
15,2,400,16,1,27,1,,
15,2,400,17,1,592,1,,
15,2,400,18,2,2,1,,
15,2,400,19,1,27,1,,
15,2,400,20,3,2,1,,
15,2,400,21,1,592,1,,
15,2,400,22,1,27,1,,
15,2,400,23,1,592,1,,
15,2,400,24,2,2,1,,
15,2,400,25,0,553,2,,
15,3,400,1,2,3,1,,
15,3,400,2,3,2,1,,
15,3,400,3,2,2,1,,
15,3,400,4,1,582,1,,
15,3,400,5,3,2,1,,
15,3,400,6,1,592,1,,
15,3,400,7,2,3,1,,
15,3,400,8,3,2,1,,
15,3,400,9,1,27,1,,
15,3,400,10,2,2,1,,
15,3,400,11,1,27,1,,
15,3,400,12,3,3,1,,
15,3,400,13,2,3,1,,
15,3,400,14,2,2,1,,
15,3,400,15,1,27,1,,
15,3,400,16,2,3,1,,
15,3,400,17,1,27,1,,
15,3,400,18,1,582,1,,
15,3,400,19,2,2,1,,
15,3,400,20,2,3,1,,
15,3,400,21,3,2,1,,
15,3,400,22,1,27,1,,
15,3,400,23,1,592,1,,
15,3,400,24,1,27,1,,
15,3,400,25,0,553,2,,
16,1,400,1,2,3,1,,
16,1,400,2,3,2,1,,
16,1,400,3,1,582,1,,
16,1,400,4,2,2,1,,
16,1,400,5,3,3,1,,
16,1,400,6,1,592,1,,
16,1,400,7,2,3,1,,
16,1,400,8,3,2,1,,
16,1,400,9,2,2,1,,
16,1,400,10,1,27,1,,
16,1,400,11,1,582,1,,
16,1,400,12,2,2,1,,
16,1,400,13,3,3,1,,
16,1,400,14,1,27,1,,
16,1,400,15,2,3,1,,
16,1,400,16,1,27,1,,
16,1,400,17,2,3,1,,
16,1,400,18,1,592,1,,
16,1,400,19,2,2,1,,
16,1,400,20,1,27,1,,
16,1,400,21,1,592,1,,
16,1,400,22,1,27,1,,
16,1,400,23,1,27,1,,
16,1,400,24,2,2,1,,
16,1,400,25,0,556,2,,
16,2,400,1,1,582,1,,
16,2,400,2,3,2,1,,
16,2,400,3,2,3,1,,
16,2,400,4,1,27,1,,
16,2,400,5,3,3,1,,
16,2,400,6,1,592,1,,
16,2,400,7,2,2,1,,
16,2,400,8,3,2,1,,
16,2,400,9,1,27,1,,
16,2,400,10,2,2,1,,
16,2,400,11,1,582,1,,
16,2,400,12,3,2,1,,
16,2,400,13,1,592,1,,
16,2,400,14,2,3,1,,
16,2,400,15,2,2,1,,
16,2,400,16,1,27,1,,
16,2,400,17,1,592,1,,
16,2,400,18,2,2,1,,
16,2,400,19,1,27,1,,
16,2,400,20,1,582,1,,
16,2,400,21,1,592,1,,
16,2,400,22,1,27,1,,
16,2,400,23,1,592,1,,
16,2,400,24,2,2,1,,
16,2,400,25,0,556,2,,
16,3,400,1,2,3,1,,
16,3,400,2,3,2,1,,
16,3,400,3,2,2,1,,
16,3,400,4,1,582,1,,
16,3,400,5,3,2,1,,
16,3,400,6,1,592,1,,
16,3,400,7,2,3,1,,
16,3,400,8,3,2,1,,
16,3,400,9,1,27,1,,
16,3,400,10,2,2,1,,
16,3,400,11,1,27,1,,
16,3,400,12,3,3,1,,
16,3,400,13,2,3,1,,
16,3,400,14,2,2,1,,
16,3,400,15,1,27,1,,
16,3,400,16,2,3,1,,
16,3,400,17,1,27,1,,
16,3,400,18,1,582,1,,
16,3,400,19,2,2,1,,
16,3,400,20,2,3,1,,
16,3,400,21,1,582,1,,
16,3,400,22,1,27,1,,
16,3,400,23,1,592,1,,
16,3,400,24,1,27,1,,
16,3,400,25,0,556,2,,
17,1,400,1,2,3,1,,
17,1,400,2,3,2,1,,
17,1,400,3,1,582,1,,
17,1,400,4,2,2,1,,
17,1,400,5,3,3,1,,
17,1,400,6,1,592,1,,
17,1,400,7,2,3,1,,
17,1,400,8,3,2,1,,
17,1,400,9,2,2,1,,
17,1,400,10,1,27,1,,
17,1,400,11,1,582,1,,
17,1,400,12,2,2,1,,
17,1,400,13,3,3,1,,
17,1,400,14,1,27,1,,
17,1,400,15,2,3,1,,
17,1,400,16,1,27,1,,
17,1,400,17,2,3,1,,
17,1,400,18,1,592,1,,
17,1,400,19,2,2,1,,
17,1,400,20,1,27,1,,
17,1,400,21,1,592,1,,
17,1,400,22,1,27,1,,
17,1,400,23,1,27,1,,
17,1,400,24,2,2,1,,
17,1,400,25,0,604,2,,
17,2,400,1,1,582,1,,
17,2,400,2,3,2,1,,
17,2,400,3,2,3,1,,
17,2,400,4,1,27,1,,
17,2,400,5,3,3,1,,
17,2,400,6,1,592,1,,
17,2,400,7,2,2,1,,
17,2,400,8,3,2,1,,
17,2,400,9,1,27,1,,
17,2,400,10,2,2,1,,
17,2,400,11,1,582,1,,
17,2,400,12,3,2,1,,
17,2,400,13,1,592,1,,
17,2,400,14,2,3,1,,
17,2,400,15,2,2,1,,
17,2,400,16,1,27,1,,
17,2,400,17,1,592,1,,
17,2,400,18,2,2,1,,
17,2,400,19,1,27,1,,
17,2,400,20,1,582,1,,
17,2,400,21,1,592,1,,
17,2,400,22,1,27,1,,
17,2,400,23,1,592,1,,
17,2,400,24,2,2,1,,
17,2,400,25,0,604,2,,
17,3,400,1,2,3,1,,
17,3,400,2,3,2,1,,
17,3,400,3,2,2,1,,
17,3,400,4,1,582,1,,
17,3,400,5,3,2,1,,
17,3,400,6,1,592,1,,
17,3,400,7,2,3,1,,
17,3,400,8,3,2,1,,
17,3,400,9,1,27,1,,
17,3,400,10,2,2,1,,
17,3,400,11,1,27,1,,
17,3,400,12,3,3,1,,
17,3,400,13,2,3,1,,
17,3,400,14,2,2,1,,
17,3,400,15,1,27,1,,
17,3,400,16,2,3,1,,
17,3,400,17,1,27,1,,
17,3,400,18,1,582,1,,
17,3,400,19,2,2,1,,
17,3,400,20,2,3,1,,
17,3,400,21,1,582,1,,
17,3,400,22,1,27,1,,
17,3,400,23,1,592,1,,
17,3,400,24,1,27,1,,
17,3,400,25,0,604,2,,
18,1,400,1,2,3,1,,
18,1,400,2,3,2,1,,
18,1,400,3,1,582,1,,
18,1,400,4,2,2,1,,
18,1,400,5,3,3,1,,
18,1,400,6,1,592,1,,
18,1,400,7,2,3,1,,
18,1,400,8,3,2,1,,
18,1,400,9,2,2,1,,
18,1,400,10,1,27,1,,
18,1,400,11,1,582,1,,
18,1,400,12,2,2,1,,
18,1,400,13,3,3,1,,
18,1,400,14,1,27,1,,
18,1,400,15,2,3,1,,
18,1,400,16,1,27,1,,
18,1,400,17,2,3,1,,
18,1,400,18,1,592,1,,
18,1,400,19,2,2,1,,
18,1,400,20,1,27,1,,
18,1,400,21,1,592,1,,
18,1,400,22,1,27,1,,
18,1,400,23,1,27,1,,
18,1,400,24,2,2,1,,
18,1,400,25,0,604,3,,
18,2,400,1,1,582,1,,
18,2,400,2,3,2,1,,
18,2,400,3,2,3,1,,
18,2,400,4,1,27,1,,
18,2,400,5,3,3,1,,
18,2,400,6,1,592,1,,
18,2,400,7,2,2,1,,
18,2,400,8,3,2,1,,
18,2,400,9,1,27,1,,
18,2,400,10,2,2,1,,
18,2,400,11,1,582,1,,
18,2,400,12,3,2,1,,
18,2,400,13,1,592,1,,
18,2,400,14,2,3,1,,
18,2,400,15,2,2,1,,
18,2,400,16,1,27,1,,
18,2,400,17,1,592,1,,
18,2,400,18,2,2,1,,
18,2,400,19,1,27,1,,
18,2,400,20,1,582,1,,
18,2,400,21,1,592,1,,
18,2,400,22,1,27,1,,
18,2,400,23,1,592,1,,
18,2,400,24,2,2,1,,
18,2,400,25,0,604,3,,
18,3,400,1,2,3,1,,
18,3,400,2,3,2,1,,
18,3,400,3,2,2,1,,
18,3,400,4,1,582,1,,
18,3,400,5,3,2,1,,
18,3,400,6,1,592,1,,
18,3,400,7,2,3,1,,
18,3,400,8,3,2,1,,
18,3,400,9,1,27,1,,
18,3,400,10,2,2,1,,
18,3,400,11,1,27,1,,
18,3,400,12,3,3,1,,
18,3,400,13,2,3,1,,
18,3,400,14,2,2,1,,
18,3,400,15,1,27,1,,
18,3,400,16,2,3,1,,
18,3,400,17,1,27,1,,
18,3,400,18,1,582,1,,
18,3,400,19,2,2,1,,
18,3,400,20,2,3,1,,
18,3,400,21,1,582,1,,
18,3,400,22,1,27,1,,
18,3,400,23,1,592,1,,
18,3,400,24,1,27,1,,
18,3,400,25,0,604,3,,
19,1,150,1,1,8,1,,
19,1,150,2,3,2,1,,
19,1,150,3,1,581,1,,
19,1,150,4,1,20,1,,
19,1,150,5,3,3,1,,
19,1,150,6,1,452,1,,
19,1,150,7,1,14,1,,
19,1,150,8,3,2,1,,
19,1,150,9,1,591,1,,
19,1,150,10,1,26,1,,
19,1,150,11,1,452,1,,
19,1,150,12,1,26,1,,
19,1,150,13,3,3,1,,
19,1,150,14,1,20,1,,
19,1,150,15,1,452,1,,
19,1,150,16,1,8,1,,
19,1,150,17,1,26,1,,
19,1,150,18,1,591,1,,
19,1,150,19,1,581,1,,
19,1,150,20,1,26,1,,
19,1,150,21,1,14,1,,
19,1,150,22,1,1004,1,,
19,1,150,23,1,26,1,,
19,1,150,24,1,591,1,,
19,1,150,25,0,553,2,,
19,2,150,1,1,452,1,,
19,2,150,2,3,2,1,,
19,2,150,3,1,20,1,,
19,2,150,4,1,581,1,,
19,2,150,5,3,3,1,,
19,2,150,6,1,14,1,,
19,2,150,7,1,591,1,,
19,2,150,8,3,2,1,,
19,2,150,9,1,26,1,,
19,2,150,10,1,8,1,,
19,2,150,11,1,452,1,,
19,2,150,12,3,2,1,,
19,2,150,13,1,591,1,,
19,2,150,14,1,581,1,,
19,2,150,15,1,26,1,,
19,2,150,16,1,20,1,,
19,2,150,17,1,591,1,,
19,2,150,18,1,14,1,,
19,2,150,19,1,8,1,,
19,2,150,20,1,581,1,,
19,2,150,21,1,1004,1,,
19,2,150,22,1,452,1,,
19,2,150,23,1,8,1,,
19,2,150,24,1,591,1,,
19,2,150,25,0,553,2,,
19,3,150,1,1,581,1,,
19,3,150,2,3,2,1,,
19,3,150,3,1,20,1,,
19,3,150,4,1,452,1,,
19,3,150,5,3,2,1,,
19,3,150,6,1,591,1,,
19,3,150,7,1,8,1,,
19,3,150,8,3,2,1,,
19,3,150,9,1,14,1,,
19,3,150,10,1,581,1,,
19,3,150,11,1,26,1,,
19,3,150,12,3,3,1,,
19,3,150,13,1,591,1,,
19,3,150,14,1,20,1,,
19,3,150,15,1,452,1,,
19,3,150,16,1,14,1,,
19,3,150,17,1,26,1,,
19,3,150,18,1,20,1,,
19,3,150,19,1,591,1,,
19,3,150,20,1,1004,1,,
19,3,150,21,1,26,1,,
19,3,150,22,1,591,1,,
19,3,150,23,1,20,1,,
19,3,150,24,1,8,1,,
19,3,150,25,0,553,2,,
20,1,150,1,1,8,1,,
20,1,150,2,3,2,1,,
20,1,150,3,1,581,1,,
20,1,150,4,1,20,1,,
20,1,150,5,3,3,1,,
20,1,150,6,1,452,1,,
20,1,150,7,1,14,1,,
20,1,150,8,3,2,1,,
20,1,150,9,1,591,1,,
20,1,150,10,1,26,1,,
20,1,150,11,1,452,1,,
20,1,150,12,1,26,1,,
20,1,150,13,3,3,1,,
20,1,150,14,1,20,1,,
20,1,150,15,1,452,1,,
20,1,150,16,1,8,1,,
20,1,150,17,1,26,1,,
20,1,150,18,1,591,1,,
20,1,150,19,1,581,1,,
20,1,150,20,1,26,1,,
20,1,150,21,1,14,1,,
20,1,150,22,1,26,1,,
20,1,150,23,1,26,1,,
20,1,150,24,1,591,1,,
20,1,150,25,0,604,2,,
20,2,150,1,1,452,1,,
20,2,150,2,3,2,1,,
20,2,150,3,1,20,1,,
20,2,150,4,1,581,1,,
20,2,150,5,3,3,1,,
20,2,150,6,1,14,1,,
20,2,150,7,1,591,1,,
20,2,150,8,3,2,1,,
20,2,150,9,1,26,1,,
20,2,150,10,1,8,1,,
20,2,150,11,1,452,1,,
20,2,150,12,3,2,1,,
20,2,150,13,1,591,1,,
20,2,150,14,1,581,1,,
20,2,150,15,1,26,1,,
20,2,150,16,1,20,1,,
20,2,150,17,1,591,1,,
20,2,150,18,1,14,1,,
20,2,150,19,1,8,1,,
20,2,150,20,1,581,1,,
20,2,150,21,1,26,1,,
20,2,150,22,1,452,1,,
20,2,150,23,1,8,1,,
20,2,150,24,1,591,1,,
20,2,150,25,0,604,2,,
20,3,150,1,1,581,1,,
20,3,150,2,3,2,1,,
20,3,150,3,1,20,1,,
20,3,150,4,1,452,1,,
20,3,150,5,3,2,1,,
20,3,150,6,1,591,1,,
20,3,150,7,1,8,1,,
20,3,150,8,3,2,1,,
20,3,150,9,1,14,1,,
20,3,150,10,1,581,1,,
20,3,150,11,1,26,1,,
20,3,150,12,3,3,1,,
20,3,150,13,1,591,1,,
20,3,150,14,1,20,1,,
20,3,150,15,1,452,1,,
20,3,150,16,1,14,1,,
20,3,150,17,1,26,1,,
20,3,150,18,1,20,1,,
20,3,150,19,1,591,1,,
20,3,150,20,1,26,1,,
20,3,150,21,1,26,1,,
20,3,150,22,1,591,1,,
20,3,150,23,1,20,1,,
20,3,150,24,1,8,1,,
20,3,150,25,0,604,2,,
21,1,150,1,1,8,1,,
21,1,150,2,3,2,1,,
21,1,150,3,1,581,1,,
21,1,150,4,1,20,1,,
21,1,150,5,3,3,1,,
21,1,150,6,1,452,1,,
21,1,150,7,1,14,1,,
21,1,150,8,3,2,1,,
21,1,150,9,1,591,1,,
21,1,150,10,1,26,1,,
21,1,150,11,1,452,1,,
21,1,150,12,1,26,1,,
21,1,150,13,3,3,1,,
21,1,150,14,1,20,1,,
21,1,150,15,1,452,1,,
21,1,150,16,1,8,1,,
21,1,150,17,1,26,1,,
21,1,150,18,1,591,1,,
21,1,150,19,1,581,1,,
21,1,150,20,1,26,1,,
21,1,150,21,1,14,1,,
21,1,150,22,1,26,1,,
21,1,150,23,1,26,1,,
21,1,150,24,1,591,1,,
21,1,150,25,0,601,1,,
21,2,150,1,1,452,1,,
21,2,150,2,3,2,1,,
21,2,150,3,1,20,1,,
21,2,150,4,1,581,1,,
21,2,150,5,3,3,1,,
21,2,150,6,1,14,1,,
21,2,150,7,1,591,1,,
21,2,150,8,3,2,1,,
21,2,150,9,1,26,1,,
21,2,150,10,1,8,1,,
21,2,150,11,1,452,1,,
21,2,150,12,3,2,1,,
21,2,150,13,1,591,1,,
21,2,150,14,1,581,1,,
21,2,150,15,1,26,1,,
21,2,150,16,1,20,1,,
21,2,150,17,1,591,1,,
21,2,150,18,1,14,1,,
21,2,150,19,1,8,1,,
21,2,150,20,1,581,1,,
21,2,150,21,1,26,1,,
21,2,150,22,1,452,1,,
21,2,150,23,1,8,1,,
21,2,150,24,1,591,1,,
21,2,150,25,0,601,1,,
21,3,150,1,1,581,1,,
21,3,150,2,3,2,1,,
21,3,150,3,1,20,1,,
21,3,150,4,1,452,1,,
21,3,150,5,3,2,1,,
21,3,150,6,1,591,1,,
21,3,150,7,1,8,1,,
21,3,150,8,3,2,1,,
21,3,150,9,1,14,1,,
21,3,150,10,1,581,1,,
21,3,150,11,1,26,1,,
21,3,150,12,3,3,1,,
21,3,150,13,1,591,1,,
21,3,150,14,1,20,1,,
21,3,150,15,1,452,1,,
21,3,150,16,1,14,1,,
21,3,150,17,1,26,1,,
21,3,150,18,1,20,1,,
21,3,150,19,1,591,1,,
21,3,150,20,1,26,1,,
21,3,150,21,1,26,1,,
21,3,150,22,1,591,1,,
21,3,150,23,1,20,1,,
21,3,150,24,1,8,1,,
21,3,150,25,0,601,1,,
22,1,150,1,1,8,1,,
22,1,150,2,3,2,1,,
22,1,150,3,1,581,1,,
22,1,150,4,1,20,1,,
22,1,150,5,3,3,1,,
22,1,150,6,1,452,1,,
22,1,150,7,1,14,1,,
22,1,150,8,3,2,1,,
22,1,150,9,1,591,1,,
22,1,150,10,1,26,1,,
22,1,150,11,1,452,1,,
22,1,150,12,1,26,1,,
22,1,150,13,3,3,1,,
22,1,150,14,1,20,1,,
22,1,150,15,1,452,1,,
22,1,150,16,1,8,1,,
22,1,150,17,1,26,1,,
22,1,150,18,1,591,1,,
22,1,150,19,1,581,1,,
22,1,150,20,1,26,1,,
22,1,150,21,1,14,1,,
22,1,150,22,1,26,1,,
22,1,150,23,1,26,1,,
22,1,150,24,1,591,1,,
22,1,150,25,0,606,1,,
22,2,150,1,1,452,1,,
22,2,150,2,3,2,1,,
22,2,150,3,1,20,1,,
22,2,150,4,1,581,1,,
22,2,150,5,3,3,1,,
22,2,150,6,1,14,1,,
22,2,150,7,1,591,1,,
22,2,150,8,3,2,1,,
22,2,150,9,1,26,1,,
22,2,150,10,1,8,1,,
22,2,150,11,1,452,1,,
22,2,150,12,3,2,1,,
22,2,150,13,1,591,1,,
22,2,150,14,1,581,1,,
22,2,150,15,1,26,1,,
22,2,150,16,1,20,1,,
22,2,150,17,1,591,1,,
22,2,150,18,1,14,1,,
22,2,150,19,1,8,1,,
22,2,150,20,1,581,1,,
22,2,150,21,1,26,1,,
22,2,150,22,1,452,1,,
22,2,150,23,1,8,1,,
22,2,150,24,1,591,1,,
22,2,150,25,0,606,1,,
22,3,150,1,1,581,1,,
22,3,150,2,3,2,1,,
22,3,150,3,1,20,1,,
22,3,150,4,1,452,1,,
22,3,150,5,3,2,1,,
22,3,150,6,1,591,1,,
22,3,150,7,1,8,1,,
22,3,150,8,3,2,1,,
22,3,150,9,1,14,1,,
22,3,150,10,1,581,1,,
22,3,150,11,1,26,1,,
22,3,150,12,3,3,1,,
22,3,150,13,1,591,1,,
22,3,150,14,1,20,1,,
22,3,150,15,1,452,1,,
22,3,150,16,1,14,1,,
22,3,150,17,1,26,1,,
22,3,150,18,1,20,1,,
22,3,150,19,1,591,1,,
22,3,150,20,1,26,1,,
22,3,150,21,1,26,1,,
22,3,150,22,1,591,1,,
22,3,150,23,1,20,1,,
22,3,150,24,1,8,1,,
22,3,150,25,0,606,1,,
23,1,150,1,1,8,1,,
23,1,150,2,3,2,1,,
23,1,150,3,1,581,1,,
23,1,150,4,1,20,1,,
23,1,150,5,3,3,1,,
23,1,150,6,1,452,1,,
23,1,150,7,1,14,1,,
23,1,150,8,3,2,1,,
23,1,150,9,1,591,1,,
23,1,150,10,1,26,1,,
23,1,150,11,1,452,1,,
23,1,150,12,1,26,1,,
23,1,150,13,3,3,1,,
23,1,150,14,1,20,1,,
23,1,150,15,1,452,1,,
23,1,150,16,1,8,1,,
23,1,150,17,1,26,1,,
23,1,150,18,1,591,1,,
23,1,150,19,1,581,1,,
23,1,150,20,1,26,1,,
23,1,150,21,1,14,1,,
23,1,150,22,1,26,1,,
23,1,150,23,1,26,1,,
23,1,150,24,1,591,1,,
23,1,150,25,0,606,1,,
23,2,150,1,1,452,1,,
23,2,150,2,3,2,1,,
23,2,150,3,1,20,1,,
23,2,150,4,1,581,1,,
23,2,150,5,3,3,1,,
23,2,150,6,1,14,1,,
23,2,150,7,1,591,1,,
23,2,150,8,3,2,1,,
23,2,150,9,1,26,1,,
23,2,150,10,1,8,1,,
23,2,150,11,1,452,1,,
23,2,150,12,3,2,1,,
23,2,150,13,1,591,1,,
23,2,150,14,1,581,1,,
23,2,150,15,1,26,1,,
23,2,150,16,1,20,1,,
23,2,150,17,1,591,1,,
23,2,150,18,1,14,1,,
23,2,150,19,1,8,1,,
23,2,150,20,1,581,1,,
23,2,150,21,1,26,1,,
23,2,150,22,1,452,1,,
23,2,150,23,1,8,1,,
23,2,150,24,1,591,1,,
23,2,150,25,0,606,1,,
23,3,150,1,1,581,1,,
23,3,150,2,3,2,1,,
23,3,150,3,1,20,1,,
23,3,150,4,1,452,1,,
23,3,150,5,3,2,1,,
23,3,150,6,1,591,1,,
23,3,150,7,1,8,1,,
23,3,150,8,3,2,1,,
23,3,150,9,1,14,1,,
23,3,150,10,1,581,1,,
23,3,150,11,1,26,1,,
23,3,150,12,3,3,1,,
23,3,150,13,1,591,1,,
23,3,150,14,1,20,1,,
23,3,150,15,1,452,1,,
23,3,150,16,1,14,1,,
23,3,150,17,1,26,1,,
23,3,150,18,1,20,1,,
23,3,150,19,1,591,1,,
23,3,150,20,1,26,1,,
23,3,150,21,1,26,1,,
23,3,150,22,1,591,1,,
23,3,150,23,1,20,1,,
23,3,150,24,1,8,1,,
23,3,150,25,0,606,1,,
24,1,150,1,1,8,1,,
24,1,150,2,3,2,1,,
24,1,150,3,1,452,1,,
24,1,150,4,1,20,1,,
24,1,150,5,3,3,1,,
24,1,150,6,1,581,1,,
24,1,150,7,1,14,1,,
24,1,150,8,3,2,1,,
24,1,150,9,1,452,1,,
24,1,150,10,1,26,1,,
24,1,150,11,1,581,1,,
24,1,150,12,1,26,1,,
24,1,150,13,3,3,1,,
24,1,150,14,1,20,1,,
24,1,150,15,1,50,15,,
24,1,150,16,1,8,1,,
24,1,150,17,1,26,1,,
24,1,150,18,1,54,15,,
24,1,150,19,1,50,15,,
24,1,150,20,1,26,1,,
24,1,150,21,1,14,1,,
24,1,150,22,1,26,1,,
24,1,150,23,1,26,1,,
24,1,150,24,1,54,15,,
24,1,150,25,0,4081,1,,
24,2,150,1,1,452,1,,
24,2,150,2,3,2,1,,
24,2,150,3,1,20,1,,
24,2,150,4,1,581,1,,
24,2,150,5,3,3,1,,
24,2,150,6,1,14,1,,
24,2,150,7,1,452,1,,
24,2,150,8,3,2,1,,
24,2,150,9,1,26,1,,
24,2,150,10,1,8,1,,
24,2,150,11,1,581,1,,
24,2,150,12,3,2,1,,
24,2,150,13,1,50,15,,
24,2,150,14,1,54,15,,
24,2,150,15,1,26,1,,
24,2,150,16,1,20,1,,
24,2,150,17,1,50,15,,
24,2,150,18,1,14,1,,
24,2,150,19,1,8,1,,
24,2,150,20,1,54,15,,
24,2,150,21,1,26,1,,
24,2,150,22,1,50,15,,
24,2,150,23,1,8,1,,
24,2,150,24,1,54,15,,
24,2,150,25,0,4081,1,,
24,3,150,1,1,452,1,,
24,3,150,2,3,2,1,,
24,3,150,3,1,20,1,,
24,3,150,4,1,581,1,,
24,3,150,5,3,2,1,,
24,3,150,6,1,452,1,,
24,3,150,7,1,8,1,,
24,3,150,8,3,2,1,,
24,3,150,9,1,14,1,,
24,3,150,10,1,581,1,,
24,3,150,11,1,26,1,,
24,3,150,12,3,3,1,,
24,3,150,13,1,50,15,,
24,3,150,14,1,20,1,,
24,3,150,15,1,54,15,,
24,3,150,16,1,14,1,,
24,3,150,17,1,26,1,,
24,3,150,18,1,20,1,,
24,3,150,19,1,50,15,,
24,3,150,20,1,26,1,,
24,3,150,21,1,26,1,,
24,3,150,22,1,54,15,,
24,3,150,23,1,20,1,,
24,3,150,24,1,8,1,,
24,3,150,25,0,4081,1,,
25,1,500,1,2,3,12,,
25,1,500,2,3,2,1,,
25,1,500,3,1,61,2,,
25,1,500,4,2,2,12,,
25,1,500,5,3,3,1,,
25,1,500,6,1,265,1,,
25,1,500,7,2,3,12,,
25,1,500,8,3,2,1,,
25,1,500,9,2,2,12,,
25,1,500,10,1,454,1,,
25,1,500,11,1,61,2,,
25,1,500,12,2,2,12,,
25,1,500,13,1,357,3,,
25,1,500,14,2,3,12,,
25,1,500,15,3,5,1,,
25,1,500,16,2,1,1,,
25,1,500,17,1,454,1,,
25,1,500,18,1,61,2,,
25,1,500,19,2,2,12,,
25,1,500,20,2,3,12,,
25,1,500,21,1,453,2,,
25,1,500,22,1,265,1,,
25,1,500,23,1,61,2,,
25,1,500,24,2,2,12,,
25,1,500,25,0,476,3,,
25,2,500,1,1,61,2,,
25,2,500,2,3,2,1,,
25,2,500,3,2,3,12,,
25,2,500,4,1,454,1,,
25,2,500,5,3,3,1,,
25,2,500,6,1,543,2,,
25,2,500,7,2,2,12,,
25,2,500,8,3,2,1,,
25,2,500,9,1,265,1,,
25,2,500,10,2,2,12,,
25,2,500,11,1,453,2,,
25,2,500,12,3,2,1,,
25,2,500,13,1,357,3,,
25,2,500,14,2,3,12,,
25,2,500,15,2,2,12,,
25,2,500,16,1,454,1,,
25,2,500,17,1,453,2,,
25,2,500,18,2,2,12,,
25,2,500,19,1,265,1,,
25,2,500,20,2,3,12,,
25,2,500,21,1,453,2,,
25,2,500,22,2,1,12,,
25,2,500,23,1,453,2,,
25,2,500,24,2,2,12,,
25,2,500,25,0,476,3,,
26,1,500,1,2,3,12,,
26,1,500,2,3,2,1,,
26,1,500,3,1,61,2,,
26,1,500,4,2,2,12,,
26,1,500,5,3,3,1,,
26,1,500,6,1,265,1,,
26,1,500,7,2,3,12,,
26,1,500,8,3,2,1,,
26,1,500,9,2,2,12,,
26,1,500,10,1,454,1,,
26,1,500,11,1,61,2,,
26,1,500,12,2,2,12,,
26,1,500,13,1,357,3,,
26,1,500,14,2,3,12,,
26,1,500,15,3,5,1,,
26,1,500,16,2,1,1,,
26,1,500,17,1,454,1,,
26,1,500,18,1,61,2,,
26,1,500,19,2,2,12,,
26,1,500,20,2,3,12,,
26,1,500,21,1,453,2,,
26,1,500,22,1,265,1,,
26,1,500,23,1,61,2,,
26,1,500,24,2,2,12,,
26,1,500,25,0,556,6,,
26,2,500,1,1,61,2,,
26,2,500,2,3,2,1,,
26,2,500,3,2,3,12,,
26,2,500,4,1,454,1,,
26,2,500,5,3,3,1,,
26,2,500,6,1,543,2,,
26,2,500,7,2,2,12,,
26,2,500,8,3,2,1,,
26,2,500,9,1,265,1,,
26,2,500,10,2,2,12,,
26,2,500,11,1,453,2,,
26,2,500,12,3,2,1,,
26,2,500,13,1,357,3,,
26,2,500,14,2,3,12,,
26,2,500,15,2,2,12,,
26,2,500,16,1,454,1,,
26,2,500,17,1,453,2,,
26,2,500,18,2,2,12,,
26,2,500,19,1,265,1,,
26,2,500,20,2,3,12,,
26,2,500,21,1,453,2,,
26,2,500,22,2,1,12,,
26,2,500,23,1,453,2,,
26,2,500,24,2,2,12,,
26,2,500,25,0,556,6,,
27,1,500,1,2,3,12,,
27,1,500,2,3,2,1,,
27,1,500,3,1,61,2,,
27,1,500,4,2,2,12,,
27,1,500,5,3,3,1,,
27,1,500,6,1,265,1,,
27,1,500,7,2,3,12,,
27,1,500,8,3,2,1,,
27,1,500,9,2,2,12,,
27,1,500,10,1,454,1,,
27,1,500,11,1,61,2,,
27,1,500,12,2,2,12,,
27,1,500,13,1,357,3,,
27,1,500,14,2,3,12,,
27,1,500,15,3,5,1,,
27,1,500,16,2,1,1,,
27,1,500,17,1,454,1,,
27,1,500,18,1,61,2,,
27,1,500,19,2,2,12,,
27,1,500,20,2,3,12,,
27,1,500,21,1,453,2,,
27,1,500,22,1,265,1,,
27,1,500,23,1,61,2,,
27,1,500,24,2,2,12,,
27,1,500,25,0,604,6,,
27,2,500,1,1,61,2,,
27,2,500,2,3,2,1,,
27,2,500,3,2,3,12,,
27,2,500,4,1,454,1,,
27,2,500,5,3,3,1,,
27,2,500,6,1,543,2,,
27,2,500,7,2,2,12,,
27,2,500,8,3,2,1,,
27,2,500,9,1,265,1,,
27,2,500,10,2,2,12,,
27,2,500,11,1,453,2,,
27,2,500,12,3,2,1,,
27,2,500,13,1,357,3,,
27,2,500,14,2,3,12,,
27,2,500,15,2,2,12,,
27,2,500,16,1,454,1,,
27,2,500,17,1,453,2,,
27,2,500,18,2,2,12,,
27,2,500,19,1,265,1,,
27,2,500,20,2,3,12,,
27,2,500,21,1,453,2,,
27,2,500,22,2,1,12,,
27,2,500,23,1,453,2,,
27,2,500,24,2,2,12,,
27,2,500,25,0,604,6,,
28,1,500,1,2,3,12,,
28,1,500,2,3,2,1,,
28,1,500,3,1,61,2,,
28,1,500,4,2,2,12,,
28,1,500,5,3,3,1,,
28,1,500,6,1,265,1,,
28,1,500,7,2,3,12,,
28,1,500,8,3,2,1,,
28,1,500,9,2,2,12,,
28,1,500,10,1,454,1,,
28,1,500,11,1,61,2,,
28,1,500,12,2,2,12,,
28,1,500,13,1,357,3,,
28,1,500,14,2,3,12,,
28,1,500,15,3,5,1,,
28,1,500,16,2,1,1,,
28,1,500,17,1,454,1,,
28,1,500,18,1,61,2,,
28,1,500,19,2,2,12,,
28,1,500,20,2,3,12,,
28,1,500,21,1,453,2,,
28,1,500,22,1,265,1,,
28,1,500,23,1,61,2,,
28,1,500,24,2,2,12,,
28,1,500,25,0,497,2,,
28,2,500,1,1,61,2,,
28,2,500,2,3,2,1,,
28,2,500,3,2,3,12,,
28,2,500,4,1,454,1,,
28,2,500,5,3,3,1,,
28,2,500,6,1,543,2,,
28,2,500,7,2,2,12,,
28,2,500,8,3,2,1,,
28,2,500,9,1,265,1,,
28,2,500,10,2,2,12,,
28,2,500,11,1,453,2,,
28,2,500,12,3,2,1,,
28,2,500,13,1,357,3,,
28,2,500,14,2,3,12,,
28,2,500,15,2,2,12,,
28,2,500,16,1,454,1,,
28,2,500,17,1,453,2,,
28,2,500,18,2,2,12,,
28,2,500,19,1,265,1,,
28,2,500,20,2,3,12,,
28,2,500,21,1,453,2,,
28,2,500,22,2,1,12,,
28,2,500,23,1,453,2,,
28,2,500,24,2,2,12,,
28,2,500,25,0,497,2,,
29,1,500,1,2,3,12,,
29,1,500,2,3,2,1,,
29,1,500,3,1,61,2,,
29,1,500,4,2,2,12,,
29,1,500,5,3,3,1,,
29,1,500,6,1,265,1,,
29,1,500,7,2,3,12,,
29,1,500,8,3,2,1,,
29,1,500,9,2,2,12,,
29,1,500,10,1,454,1,,
29,1,500,11,1,61,2,,
29,1,500,12,2,2,12,,
29,1,500,13,1,357,3,,
29,1,500,14,2,3,12,,
29,1,500,15,3,5,1,,
29,1,500,16,2,1,1,,
29,1,500,17,1,454,1,,
29,1,500,18,1,61,2,,
29,1,500,19,2,2,12,,
29,1,500,20,2,3,12,,
29,1,500,21,1,453,2,,
29,1,500,22,1,265,1,,
29,1,500,23,1,61,2,,
29,1,500,24,2,2,12,,
29,1,500,25,0,425,1,,
29,2,500,1,1,61,2,,
29,2,500,2,3,2,1,,
29,2,500,3,2,3,12,,
29,2,500,4,1,454,1,,
29,2,500,5,3,3,1,,
29,2,500,6,1,543,2,,
29,2,500,7,2,2,12,,
29,2,500,8,3,2,1,,
29,2,500,9,1,265,1,,
29,2,500,10,2,2,12,,
29,2,500,11,1,453,2,,
29,2,500,12,3,2,1,,
29,2,500,13,1,357,3,,
29,2,500,14,2,3,12,,
29,2,500,15,2,2,12,,
29,2,500,16,1,454,1,,
29,2,500,17,1,453,2,,
29,2,500,18,2,2,12,,
29,2,500,19,1,265,1,,
29,2,500,20,2,3,12,,
29,2,500,21,1,453,2,,
29,2,500,22,2,1,12,,
29,2,500,23,1,453,2,,
29,2,500,24,2,2,12,,
29,2,500,25,0,425,1,,
30,1,500,1,2,3,12,,
30,1,500,2,3,2,1,,
30,1,500,3,1,61,2,,
30,1,500,4,2,2,12,,
30,1,500,5,3,3,1,,
30,1,500,6,1,265,1,,
30,1,500,7,2,3,12,,
30,1,500,8,3,2,1,,
30,1,500,9,2,2,12,,
30,1,500,10,1,454,1,,
30,1,500,11,1,61,2,,
30,1,500,12,2,2,12,,
30,1,500,13,1,357,3,,
30,1,500,14,2,3,12,,
30,1,500,15,3,5,1,,
30,1,500,16,2,1,1,,
30,1,500,17,1,454,1,,
30,1,500,18,1,61,2,,
30,1,500,19,2,2,12,,
30,1,500,20,2,3,12,,
30,1,500,21,1,453,2,,
30,1,500,22,1,265,1,,
30,1,500,23,1,61,2,,
30,1,500,24,2,2,12,,
30,1,500,25,0,553,6,,
30,2,500,1,1,61,2,,
30,2,500,2,3,2,1,,
30,2,500,3,2,3,12,,
30,2,500,4,1,454,1,,
30,2,500,5,3,3,1,,
30,2,500,6,1,543,2,,
30,2,500,7,2,2,12,,
30,2,500,8,3,2,1,,
30,2,500,9,1,265,1,,
30,2,500,10,2,2,12,,
30,2,500,11,1,453,2,,
30,2,500,12,3,2,1,,
30,2,500,13,1,357,3,,
30,2,500,14,2,3,12,,
30,2,500,15,2,2,12,,
30,2,500,16,1,454,1,,
30,2,500,17,1,453,2,,
30,2,500,18,2,2,12,,
30,2,500,19,1,265,1,,
30,2,500,20,2,3,12,,
30,2,500,21,1,453,2,,
30,2,500,22,2,1,12,,
30,2,500,23,1,453,2,,
30,2,500,24,2,2,12,,
30,2,500,25,0,553,6,,
